{
  "PSOJ065+01": {
    "CIV": [
      918.6212173975201,
      994.9600740693602
    ],
    "SiIV": [
      865.1474266054032,
      896.7110623382395
    ]
  },
  "SDSSJ0836+0054": {
    "CIV": [
      956.624866647,
      965.5943789370001
    ]
  },
  "PSOJ183-12": {
    "CIV": [
      975.8676664352998,
      1010.12156679384
    ]
  },
  "PSOJ023-02": {
    "CIV": [
      981.3898783488002,
      1042.2497105593602
    ]
  },
  "PSOJ089-15": {
    "CIV": [
      970.9981486615201,
      1072.2223388161601
    ],
    "SiIV": [
      883.7632035742988,
      967.4689148691086
    ],
    "NV": [
      848.15880882775,
      858.53994252775
    ]
  },
  "J2250-5015": {
    "CIV": [
      900.8032898850335,
      1001.1879867869002
    ],
    "SiIV": [
      854.4663005422007,
      880.7815628214323
    ]
  },
  "ULASJ0148+0600": {
    "CIV": [
      980.8983436002668,
      1022.9717635882668
    ]
  },
  "SDSSJ2310+1855": {
    "CIV": [
      986.3333985373868,
      1016.5396602372268
    ]
  },
  "PSOJ009-10": {
    "CIV": [
      937.5227036256134,
      956.6697154997335
    ],
    "SiIV": [
      846.071662821732,
      863.1618964940027
    ]
  },
  "J0408-5632": {
    "CIV": [
      985.0915816859867,
      1002.1468183792867
    ]
  },
  "SDSSJ0842+1218": {
    "CIV": [
      995.1174494838668,
      1022.3515896445268
    ]
  },
  "PSOJ239-07": {
    "CIV": [
      1079.9284532946667,
      1099.3848029380667
    ],
    "SiIV": [
      983.5825674888172,
      991.9780618805919
    ],
    "NV": [
      865.8835986616666,
      880.2894913456666
    ]
  },
  "CFHQSJ1509-1749": {
    "CIV": [
      997.2296067973334,
      1017.7136991760001
    ]
  },
  "PSOJ217-07": {
    "CIV": [
      947.6563853176134,
      1028.97470530788
    ],
    "SiIV": [
      885.088045283403,
      900.2616321154142
    ]
  },
  "J2211-3206": {
    "CIV": [
      1043.6718979988668,
      1100.8449293149336
    ],
    "SiIV": [
      959.6140481205811,
      992.3024625167251
    ]
  },
  "J0439+1634": {
    "CIV": [
      1079.4251781980668,
      1120.4806743692666
    ],
    "SiIV": [
      991.1631689144506,
      1010.005430573871
    ]
  },
  "PSOJ231-20": {
    "CIV": [
      1162.1875816610666,
      1171.5250890405334
    ],
    "NV": [
      931.1985954958333,
      938.550575
    ]
  },
  "J0923+0402": {
    "CIV": [
      1065.29955812872,
      1157.70293295084
    ],
    "SiIV": [
      979.8432298630373,
      1044.6007263166894
    ]
  }
}